Stock,Horizon,BestThreshold,Model,ContextLength,Test_Accuracy,Test_ROC_AUC,Trades,LongTrades,ShortTrades,WinRate,Sharpe,TotalReturn
SPY,2,0.0025,FinCast,128,0.5180722891566265,0.5541682797780358,125,35,90,0.424,-1.5916255267925863,-0.18903788185451365
SPY,3,0.0025,FinCast,128,0.4798387096774194,0.5175889328063241,83,26,57,0.43373493975903615,-0.9928274485433412,-0.1255456310966272
SPY,4,0.005,FinCast,128,0.5141700404858299,0.50996972887602,62,7,55,0.4032258064516129,-1.928559361529878,-0.2255238594751463
SPY,5,0.005,FinCast,128,0.4878048780487805,0.4924242424242424,50,7,43,0.32,-2.7496057346317335,-0.30529120568460966
SPY,6,0.0075,FinCast,128,0.4816326530612245,0.4851333333333334,41,5,36,0.3902439024390244,-1.392206034467726,-0.16950958949068318
SPY,7,0.01,FinCast,128,0.5409836065573771,0.5390672319806178,35,3,32,0.3142857142857143,-3.0781684452510216,-0.27241980757709294
SPY,8,0.015,FinCast,128,0.6131687242798354,0.5489160839160839,31,2,29,0.2903225806451613,-3.4920175763612855,-0.2696667247945228
SPY,9,0.0175,FinCast,128,0.6033057851239669,0.5477464788732395,27,1,26,0.25925925925925924,-2.066198675713341,-0.22365165857635516
SPY,10,0.017,FinCast,128,0.5518672199170125,0.5390365448504982,25,1,24,0.28,-2.2775518152249714,-0.2622522086421115
