Stock,Horizon,BestThreshold,Strategy,ConfidenceThreshold,n_estimators,max_depth,learning_rate,subsample,min_samples_split,min_samples_leaf,Train_Accuracy,Train_ROC_AUC,Test_Accuracy,Test_ROC_AUC,Trades,LongTrades,ShortTrades,Skipped,WinRate,Sharpe,TotalReturn
TSLA,2,0.0025,long_short,,386,3,0.18351652440166938,0.9270156211945244,7,1,0.989065606361829,0.999181844052362,0.4820717131474104,0.4981881754609027,125,91,34,0,0.488,0.10749280765981753,-0.11986494561358563
TSLA,3,0.005,long_short,,184,3,0.10778619249929042,0.5539685875155348,9,10,0.7693836978131213,0.8594474509137339,0.49800796812749004,0.4772582697201018,83,62,21,0,0.6024096385542169,1.9307522558651615,1.6704084966928088
TSLA,4,0.005,long_short,,91,9,0.03672338759552655,0.9916154429033942,10,9,0.8677932405566601,0.9487909776932717,0.5298804780876494,0.5527590161845292,62,42,20,0,0.6612903225806451,3.0998170648861496,4.609890220854083
TSLA,5,0.01,long_short,,50,3,0.01,0.5,20,1,0.6421471172962226,0.7040513033339262,0.5179282868525896,0.5564495530012772,50,42,8,0,0.54,1.7438588480808317,1.4201216990257772
TSLA,6,0.01,long_short,,50,3,0.024590038348430467,0.8921829789765061,5,3,0.6669980119284294,0.7469912137512894,0.5179282868525896,0.5435102301790281,41,35,6,0,0.5853658536585366,2.074617963210587,1.8808069342988714
TSLA,7,0.0125,long_short,,105,3,0.023838620436700843,1.0,5,4,0.6709741550695825,0.7636857707509881,0.4860557768924303,0.501309067688378,35,29,6,0,0.5142857142857142,1.6200108084598472,1.4650528920906143
TSLA,8,0.017499999999999998,long_short,,50,3,0.01164423504529867,1.0,13,10,0.6620278330019881,0.7320428450030632,0.47808764940239046,0.46434937611408195,31,26,5,0,0.5806451612903226,1.8865590273748643,1.683553595025916
TSLA,9,0.0225,long_short,,50,3,0.01,0.8882316799226762,18,3,0.6510934393638171,0.7361824240196368,0.4820717131474104,0.4778772378516624,27,24,3,0,0.5925925925925926,1.730555764994681,1.472171777387814
TSLA,10,0.0225,long_short,,84,3,0.01,0.7719950511036286,14,1,0.658051689860835,0.7517006399386544,0.4940239043824701,0.4831782846947878,25,23,2,0,0.64,2.1699188236124156,2.3594673827910655
