Stock,Horizon,BestThreshold,Strategy,ConfidenceThreshold,n_estimators,max_depth,learning_rate,num_leaves,subsample,colsample_bytree,reg_alpha,reg_lambda,Train_Accuracy,Train_ROC_AUC,Test_Accuracy,Test_ROC_AUC,Trades,LongTrades,ShortTrades,Skipped,WinRate,Sharpe,TotalReturn
SPY,2,0.0025,long_short,,50,12,0.01,73,1.0,0.6303350678129925,9.07625812250936,0.0,0.5666003976143141,0.6217097849424101,0.49800796812749004,0.5428888888888889,125,0,125,0,0.32,-2.7703560171470993,-0.29992323717405045
SPY,3,0.0025,long_short,,121,6,0.01,80,0.6974104011002598,0.5,10.0,3.7200129168424407,0.588469184890656,0.6310920711557869,0.5657370517928287,0.5847120687443889,83,50,33,0,0.5301204819277109,0.40336803826500955,0.04380002329269361
SPY,4,0.005,long_short,,50,3,0.29999999999999993,96,0.560880232185093,1.0,10.0,0.0,0.6182902584493042,0.6663772232419773,0.5378486055776892,0.5795338441890165,62,0,62,0,0.3548387096774194,-2.4286663040557253,-0.270641304389021
SPY,5,0.005,long_short,,500,9,0.019349079785275457,41,0.9892919536775042,0.5,10.0,1.3233034322288035,0.6083499005964215,0.6484360178334281,0.47410358565737054,0.6279921059332824,50,0,50,0,0.36,-2.0321964884992276,-0.24537003597502993
SPY,6,0.005,long_short,,500,12,0.01,31,0.9101396413100167,0.5611584746163166,10.0,6.698692176925894,0.6063618290258449,0.6590432850455465,0.46215139442231074,0.6596104725415071,41,0,41,0,0.3170731707317073,-2.224069132219505,-0.24682657594360635
SPY,7,0.0075,long_short,,500,4,0.2970315655574368,100,1.0,0.5,10.0,7.053721786365123,0.6113320079522863,0.6647741649797572,0.47808764940239046,0.5741094147582697,35,0,35,0,0.34285714285714286,-2.5331018993053807,-0.23775295669221486
SPY,8,0.0075,long_short,,479,4,0.017635351230409463,100,0.9022378606423489,1.0,8.0047995188174,10.0,0.6411530815109344,0.7002468227504124,0.46215139442231074,0.48027670527670524,31,0,31,0,0.3225806451612903,-3.058388862674446,-0.24766540946807458
SPY,9,0.01,long_short,,500,11,0.037993134556797044,86,0.5,1.0,0.0,0.0,0.9214711729622267,0.9792933251005352,0.46613545816733065,0.5199618563254926,27,1,26,0,0.2222222222222222,-2.8904640595847737,-0.2816719973639249
SPY,10,0.01,long_short,,50,8,0.058613700834266876,100,0.5978330766225581,1.0,7.470184219464327,0.0,0.6630218687872763,0.7309792061986085,0.4581673306772908,0.444693094629156,25,0,25,0,0.32,-1.85595190640685,-0.2262568093023376
