Stock,Horizon,BestThreshold,Strategy,ConfidenceThreshold,C,penalty,l1_ratio,Train_Accuracy,Train_ROC_AUC,Test_Accuracy,Test_ROC_AUC,Trades,LongTrades,ShortTrades,Skipped,WinRate,Sharpe,TotalReturn
META,2,0.0025,long_short,,0.06255414742915415,l1,,0.5497017892644135,0.5684939899522913,0.49800796812749004,0.6459535718866231,125,10,115,0,0.44,-0.8944308129862266,-0.30677047589980844
META,3,0.0025,long_short,,0.001,l2,,0.5487077534791253,0.5718041055764844,0.4940239043824701,0.644256626968882,83,1,82,0,0.3614457831325301,-1.6616129322568332,-0.4483477280587428
META,4,0.005,long_short,,0.002838129270112674,l2,,0.536779324055666,0.5728932806324112,0.49800796812749004,0.6322890025575447,62,0,62,0,0.4032258064516129,-1.9036904459888522,-0.46262866256128765
META,5,0.005,long_short,,0.03236522584902817,l1,,0.5437375745526839,0.592913637926741,0.4302788844621514,0.6790303738317758,50,1,49,0,0.38,-0.4267016798910591,-0.19592247958692033
META,6,0.0075,long_short,,0.006655549338466309,l2,,0.5675944333996024,0.6082416366280907,0.46613545816733065,0.6791495375128469,41,0,41,0,0.34146341463414637,-1.8850047617923165,-0.448020620317209
META,7,0.0075,long_short,,0.2550275499393445,l1,,0.5725646123260437,0.5998624549421362,0.44621513944223107,0.7312097812097813,35,0,35,0,0.34285714285714286,-1.7079865749536804,-0.43084021047522214
META,8,0.01,long_short,,0.02581568417261668,l1,,0.5298210735586482,0.5782702523240372,0.46613545816733065,0.7236254624314326,31,0,31,0,0.3548387096774194,-1.7421670607115909,-0.44570065792266733
META,9,0.01,long_short,,0.031247501954167083,l1,,0.5387673956262425,0.5919606331890674,0.46613545816733065,0.751275672917464,27,0,27,0,0.3333333333333333,-1.5599032166728786,-0.43773719717122117
META,10,0.015000000000000001,long_short,,0.036309081839779975,l1,,0.5268389662027833,0.5799766803027608,0.4900398406374502,0.771754319105691,25,0,25,0,0.32,-1.4442458786378163,-0.43094139494727224
