Stock,Horizon,BestThreshold,Strategy,ConfidenceThreshold,n_estimators,max_depth,min_samples_split,min_samples_leaf,max_features,criterion,Train_Accuracy,Train_ROC_AUC,Test_Accuracy,Test_ROC_AUC,Trades,LongTrades,ShortTrades,Skipped,WinRate,Sharpe,TotalReturn
SPY,2,0.0025,long_short,,50,3,20,1,log2,gini,0.588469184890656,0.638923486313259,0.5059760956175299,0.534920634920635,125,2,123,0,0.304,-2.883846835979029,-0.309445124792051
SPY,3,0.0025,long_short,,50,3,20,1,sqrt,entropy,0.6133200795228628,0.6689653125432852,0.4541832669322709,0.605617545209696,83,0,83,0,0.3855421686746988,-2.5681177349518554,-0.2782106509926425
SPY,4,0.005,long_short,,500,3,4,1,sqrt,gini,0.6302186878727635,0.6970417431483005,0.5378486055776892,0.6382822477650064,62,0,62,0,0.3548387096774194,-2.4286663040557253,-0.270641304389021
SPY,5,0.005,long_short,,500,3,20,2,log2,gini,0.621272365805169,0.6741071428571428,0.4900398406374502,0.6553348612172143,50,0,50,0,0.36,-2.0321964884992276,-0.24537003597502993
SPY,6,0.005,long_short,,396,3,2,1,log2,gini,0.6003976143141153,0.6803141605516194,0.4701195219123506,0.656800766283525,41,0,41,0,0.3170731707317073,-2.224069132219505,-0.24682657594360635
SPY,7,0.0075,long_short,,191,20,13,1,sqrt,gini,0.8926441351888668,0.9546788018724697,0.4581673306772908,0.5700381679389314,35,5,30,0,0.42857142857142855,-1.5547266241422804,-0.16175548294501385
SPY,8,0.0075,long_short,,500,14,5,1,sqrt,entropy,0.8508946322067594,0.9463556067132624,0.4302788844621514,0.544916344916345,31,0,31,0,0.3225806451612903,-3.058388862674446,-0.24766540946807458
SPY,9,0.01,long_short,,91,14,9,10,log2,entropy,0.679920477137177,0.7647814350400557,0.49800796812749004,0.5220597584233948,27,0,27,0,0.25925925925925924,-2.0535945747133035,-0.22263196987861278
SPY,10,0.01,long_short,,50,16,2,4,sqrt,entropy,0.7743538767395626,0.8648640101201772,0.46215139442231074,0.5657928388746803,25,0,25,0,0.32,-1.85595190640685,-0.2262568093023376
