Stock,Horizon,BestThreshold,Strategy,ConfidenceThreshold,n_estimators,max_depth,learning_rate,subsample,colsample_bytree,gamma,reg_alpha,reg_lambda,Train_Accuracy,Train_ROC_AUC,Test_Accuracy,Test_ROC_AUC,Trades,LongTrades,ShortTrades,Skipped,WinRate,Sharpe,TotalReturn
SPY,2,0.0025,long_short,,321,8,0.06935057061886432,0.5467119321873706,0.7017255949892416,2.6100797030171723,3.378964894631549,5.661994474626349,0.5825049701789264,0.6152193081305924,0.5099601593625498,0.5398730158730158,125,23,102,0,0.344,-2.6522198487300432,-0.28964462478593467
SPY,3,0.0025,long_short,,55,11,0.019466500968878243,0.5,0.6625218617734657,4.850039313237354,0.0,10.0,0.5497017892644135,0.5933830658725292,0.5219123505976095,0.5389572912658714,83,33,50,0,0.4457831325301205,-1.681843062169804,-0.19740631854493262
SPY,4,0.005,long_short,,157,3,0.1753682390558841,0.9538971837615832,0.5813091695284581,4.953799495980728,2.715445542212838,7.9561798457139234,0.6113320079522863,0.6438243717956834,0.5378486055776892,0.5440932311621967,62,0,62,0,0.3548387096774194,-2.4286663040557253,-0.270641304389021
SPY,5,0.005,long_short,,292,8,0.19204978420648905,0.7251399380686613,0.5,5.09506757227231,3.622977711652654,0.7409296415795272,0.5924453280318092,0.6285907955479668,0.47410358565737054,0.5709511077158136,50,0,50,0,0.36,-2.0321964884992276,-0.24537003597502993
SPY,6,0.005,long_short,,451,12,0.19261071010690758,0.5,0.5584349099644743,10.0,0.0,0.0,0.6093439363817097,0.644545087930162,0.47410358565737054,0.628256704980843,41,0,41,0,0.3170731707317073,-2.224069132219505,-0.24682657594360635
SPY,7,0.0075,long_short,,113,4,0.0524948089230876,0.5240925793727704,0.6718536474301149,10.0,0.0,2.2916706805100593,0.5805168986083499,0.6190141067813764,0.47808764940239046,0.5192748091603054,35,0,35,0,0.34285714285714286,-2.5331018993053807,-0.23775295669221486
SPY,8,0.0075,long_short,,134,4,0.01,0.7472921154417587,0.5,10.0,3.787994972833038,0.0,0.5894632206759444,0.6179389509242009,0.44223107569721115,0.4540862290862291,31,0,31,0,0.3225806451612903,-3.058388862674446,-0.24766540946807458
SPY,9,0.01,long_short,,377,7,0.024454296886784334,0.5,0.5106685784086669,3.745843710608472,5.060377545319659,1.9325689589875805,0.5904572564612326,0.6266524967543776,0.4820717131474104,0.38757151938970125,27,0,27,0,0.25925925925925924,-2.0535945747133035,-0.22263196987861278
SPY,10,0.01,long_short,,408,5,0.14180715647623932,0.7984250789732436,0.7229163764267956,0.9997491581800291,4.592488919658672,3.337086111390219,0.6759443339960238,0.7395062460468058,0.4581673306772908,0.48577365728900257,25,0,25,0,0.32,-1.85595190640685,-0.2262568093023376
