Stock,Horizon,Threshold,Test_Accuracy,Test_ROC_AUC,Trades,LongTrades,ShortTrades,WinRate,Sharpe,TotalReturn
SPY,2,0.01,0.7704918032786885,0.5641025641025641,61,3,58,0.39344262295081966,-1.4690222272906224,-0.1470732255413274
SPY,3,0.01,0.8,0.4731182795698925,40,3,37,0.375,-1.0340946239864983,-0.10235640011307023
SPY,4,0.01,0.7,0.43915343915343913,30,2,28,0.3,-1.8571608890557163,-0.13592507449503977
SPY,5,0.01,0.625,0.5555555555555555,24,2,22,0.375,-1.7536788232923177,-0.11898737209460708
SPY,6,0.01,0.65,0.5729166666666667,20,3,17,0.45,-0.4796055305866648,-0.05175092142100657
SPY,7,0.01,0.5294117647058824,0.3888888888888889,17,2,15,0.4117647058823529,-0.8516620120945213,-0.08582117997532612
SPY,8,0.01,0.6,0.6481481481481481,15,2,13,0.4,-0.8440035695568258,-0.06822806132914538
SPY,9,0.01,0.5384615384615384,0.2857142857142857,13,1,12,0.3076923076923077,-1.8607941161661294,-0.13257978188011987
SPY,10,0.01,0.5,0.39999999999999997,12,1,11,0.3333333333333333,-1.3746614636931775,-0.10834617967972793
